name,Kommune
Aachen,Aachen
Aachener Stadtbetrieb (E18),Aachen
Bezirksamt Brand,Aachen
Geoservice der Stadt Aachen,Aachen
GeoService der StädteRegion Aachen,Aachen
GeoService StädteRegion Aachen,Aachen
Krisenstäbe der Stadt und StädteRegion Aachen,Aachen
netAachen,Aachen
"Stadt Aachen, Fachbereich Geoinformation und Bodenordnung",Aachen
"Stadt Aachen, Fachbereich Geoinformation und Bodenordnung FB 62",Aachen
"Stadt Aachen, Fachbereich Stadtentwicklung und Verkehrsanlagen FB 61",Aachen
"Stadt Aachen, Fachbereich Umwelt",Aachen
"Stadt Aachen, Fachbereich Umwelt",Aachen
"Stadt Aachen, FB 02/200 Statistik",Aachen
"Stadt Aachen, FB 02/200 Statistik und Stadtforschung",Aachen
"Stadt Aachen, FB 02/3 Statistik und Stadtforschung",Aachen
"Stadt Aachen, FB02/3 Statistik und Stadtforschung",Aachen
"Stadt Aachen, Stabsstelle Klimaschutz",Aachen
StädteRegion Aachen,Aachen
"Stadt Aachen, FB 01/201 Statistik",Aachen
Gemeinde Algermissen,Algermissen
Stadt Alsdorf,Alsdorf
Gemeinde Altenberge,Altenberge
Stadtverwaltung Alzey,Alzey
Gemeinde Am Ettersberg und der beauftragenden Gemeinden,Am Ettersberg 
Gemeinde Am Ohmberg,Am Ohmberg
Stadt Amberg,Amberg
Amt Beetzsee,Amt Beetzsee
Amt Dänischenhagen,Amt Dänischenhagen
Amt Eidertal,Amt Eidertal
Amt Eidertal -Der Amtsdirektor-,Amt Eidertal
Amt Elmshorn-Land,Amt Elmshorn-Land
Amt Haddeby,Amt Haddeby
Amt Lenzen-Elbtalaue,Amt Lenzen-Elbtalaue
Amt Nortorfer Land,Amt Nortorfer Land
Amt Odervorland,Amt Odervorland
Amt Schlei-Ostsee,Amt Schlei-Ostsee
Amt Süderbrarup,Amt Süderbrarup
Stadt An der Schmücke,An der Schmücke
Stadt An der Schmücke und der beauftragenden Gemeinden,An der Schmücke
ST Andernach,Andernach
Stadt Andernach,Andernach
Stadtverwaltung Andernach,Andernach
Stadt Apolda,Apolda
Bezirksregierung Arnsberg,Arnsberg
Stadt Arnsberg,Arnsberg
Stadt Artern und der beauftragenden Gemeinden,Artern
Verbandsgemeinde Asbach,Asbach
Verbandsgemeindeverwaltung Asbach,Asbach
Stadt Aschaffenburg,Aschaffenburg
Hansestadt Attendorn,Attendorn
"Amt für Digitalisierung, Breitband und Vermessung Augsburg",Augsburg
Staatstheater Augsburg,Augsburg
Stadt Augsburg,Augsburg
"Amt für Statistik und Stadtforschung, Stadt Augsburg",Augsburg
Geschäftsstelle Open Data der Stadt Augsburg,Augsburg
Radverkehrsbeauftragter der Stadt Augsburg,Augsburg
Stadtbücherei Augsburg,Augsburg
Geschäftsstelle Open Data der Stadt Augsburg,Augsburg
Geschäftsstelle Open Data Stadt Augsburg,Augsburg
"Stadt Augsburg Amt für Digitalisierung, Organisation und Informationstechnik",Augsburg
Stadt Augsburg Marktamt,Augsburg
"Stadt Augsburg, Amt für Digitalisierung, Organisation und Informationstechnik",Augsburg
Auma-Weidatal,Auma-Weidatal
Stadt Auma-Weidatal,Auma-Weidatal
Bad Berka,Bad Berka
Stadt Bad Berka,Bad Berka
Bad Blankenburg,Bad Blankenburg
Stadt Bad Blankenburg,Bad Blankenburg
Verbandsgemeinde Bad Ems-Nassau,Bad Ems-Nassau
Stadt Bad Frankenhausen/Kyffhäuser,Bad Frankenhausen/Kyffhäuser
Stadt Bad Köstritz und der beauftragenden Gemeinden,Bad Köstritz
Verbandsgemeindeverwaltung Bad Kreuznach,Bad Kreuznach
Stadt Bad Langensalza,Bad Langensalza
Stadt Bad Lobenstein,Bad Lobendsten
Verbandsgemeindeverwaltung Bad Marienberg (Westerwald),Bad Marienberg (Westerwald)
Bad Münstereifel,Bad Münstereifel
Stadt Bad Nauheim,Bad Nauheim
Amt Bad Oldesloe-Land,Bad Oldesloe
Stadt Bad Salzuflen,Bad Salzuflen
Stadt Bad Segeberg (Betriebe gewerblicher Art ),Bad Segeberg
Stadtverwaltung Bad Sulza,Bad Sulza
Bad Sulza,Bad Sulza
Stadt Bad Sulza und der beauftragenden Gemeinden,Bad Sulza
"Amt für Digitalisierung, Breitband und Vermessung Bamberg - Fachbereich Informations- und Kommunikationstechnik",Bamberg
Smart City Bamberg,Bamberg
Stadt Bamberg,Bamberg
Stadt Barsbüttel,Barsbüttel
Stadt Bassum,Bassum
Landratsamt Bautzen,Bautzen
Bedburg,Bedburg
bendorf,Bendorf
Stadt Bendorf,Bendorf
Stadt Berga/Elster,Berga/Elster
Stadt Berga-Wünschendorf,Berga-Wünschendorf
Bergheim,Bergheim
Stadt Bergkamen,Bergkamen
"BA Mitte, OE QPK",Berlin
Berliner Feuerwehr,Berlin
Berliner Forsten,Berlin
Berliner Stadtreinigung (BSR),Berlin
Berliner Vermessungsämter,Berlin
"Berliner Wasserbetriebe, Organisationseinheit: Wasserversorgung",Berlin
"Bezirksamt Charlottenburg-Wilmersdorf von Berlin, Umwelt- und Naturschutzamt",Berlin
Bezirksamt Friedrichshain-Kreuzberg,Berlin
Bezirksamt Friedrichshain-Kreuzberg von Berlin - Vermessung,Berlin
Bezirksamt Friedrichshain-Kreuzberg von Berlin - Vermessung,Berlin
"Bezirksamt Friedrichshain-Kreuzberg von Berlin, Abteilung Bauen, Planen und Facility ManagementServiceeinheit Facility ManagementFachbereich Hochbauservice Energiemanagement, FM-Hoch 4.EWG",Berlin
"Bezirksamt Friedrichshain-Kreuzberg, Finanzservice",Berlin
Bezirksamt Friedrichshain-Kreuzberg/ Bezirksbürgermeisterbüro,Berlin
Bezirksamt Friedrichshain-Kreuzberg/ Jugendamt,Berlin
Bezirksamt Lichtenberg,Berlin
Bezirksamt Lichtenberg - Stadtentwicklungsamt,Berlin
"Bezirksamt Lichtenberg, Abteilung Personal, Finanzen, Immobilien und Kultur Serviceeinheit Facility Management",Berlin
Bezirksamt Marzahn-Hellersdorf von Berlin Jugendamt,Berlin
"Bezirksamt Marzahn-Hellersdorf von Berlin, Finanzservice",Berlin
"Bezirksamt Marzahn-Hellersdorf von Berlin, SE Facility Management",Berlin
"Bezirksamt Marzahn-Hellersdorf von Berlin, SE Finanzen",Berlin
"Bezirksamt Marzahn-Hellersdorf, Finanzservice",Berlin
Bezirksamt Mitte - Facility Management,Berlin
Bezirksamt Pankow,Berlin
Bezirksamt Steglitz-Zehlendorf,Berlin
"Bezirksamt Steglitz-Zehlendorf - Abt. Immobilien, Umwelt und Tiefbau, Serviceeinheit Facility Management",Berlin
Bezirksamt Steglitz-Zehlendorf - Büro der Bezirksbürgermeisterin,Berlin
Bezirksamt Steglitz-Zehlendorf - Jugendamt,Berlin
Bezirksamt Steglitz-Zehlendorf - Schulamt und Hochbauamt,Berlin
Bezirksamt Steglitz-Zehlendorf - Straßen- und Grünflächenamt,Berlin
Bezirksamt Tempelhof-Schöneberg,Berlin
Bezirksamt Tempelhof-Schöneberg - Finanzservice,Berlin
Bezirksamt Treptow-Köpenick - Büro Bezirksbürgermeister,Berlin
"Bezirksamt Treptow-Köpenick, Büro des Bezirksbürgermeisters",Berlin
Bezirsamt Treptow-Köpenick von Berlin,Berlin
Der Polizeipräsident in Berlin,Berlin
Der Regierende Bürgermeister von Berlin - Senatskanzlei - Landesredaktion / Koordinierung Berlin.de,Berlin
Energiebeauftragter des Bezirksamtes Herr Müller-Nilsson,Berlin
Finanzservice Tempelhof-Schöneberg,Berlin
Fischereiamt Berlin,Berlin
Humboldt-Universität zu Berlin,Berlin
Jugendamt Lichtenberg,Berlin
Jugendamt Marzahn-Hellersdorf,Berlin
LAGeSo,Berlin
Landesdenkmalamt Berlin,Berlin
"Senatsverwaltung für Bildung, Jugend und Familie Berlin",Berlin
Senatsverwaltung für Gesundheit und Soziales Berlin,Berlin
Senatsverwaltung für Gesundheit und Soziales von Berlin,Berlin
"Senatsverwaltung für Gesundheit, Pflege und Gleichstellung Berlin",Berlin
Senatsverwaltung für Stadtentwicklung,Berlin
Senatsverwaltung für Stadtentwicklung und Umwelt Berlin,Berlin
Senatsverwaltung für Stadtentwicklung und Wohnen Berlin,Berlin
"Senatsverwaltung für Umwelt, Verkehr und Klimaschutz",Berlin
"Senatsverwaltung für Umwelt, Verkehr und Klimaschutz",Berlin
"Senatsverwaltung für Umwelt, Verkehr und Klimaschutz Berlin",Berlin
"Senatsverwaltung für Wirtschaft, Energie und Betriebe",Berlin
"Senatsverwaltung für Wirtschaft, Energie und Betriebe Berlin",Berlin
Servicezentrum der Berliner Volkshochschulen,Berlin
Stadtentwicklungsamt Neukölln -FB Stadtplanung-,Berlin
"Stadtmuseum Berlin, eCulture",Berlin
Stromnetz Berlin GmbH,Berlin
Tegel Projekt GmbH - Urban Data & Plattform,Berlin
VBB - Verkehrsverbund Berlin-Brandenburg GmbH,Berlin
Verkehrslenkung Berlin,Berlin
Bezirksamt Friedrichshain-Kreuzberg von Berlin - Vermessung,Berlin
Bezirksamt Lichtenberg von Berlin - Büro der Bezirksverordnetenversammlung,Berlin
"Bezirksamt Lichtenberg, Abteilung Personal, Finanzen, Immobilien und Kultur",Berlin
"Bezirksamt Lichtenberg, Abteilung Personal, Finanzen, Immobilien und Kultur, Serviceeinheit Facility Management",Berlin
Bezirksamt Marzahn-Hellersdorf von Berlin - Büro der Bezirksverordnetenversammlung,Berlin
"Bezirksamt Mitte, QPK",Berlin
"Bezirksamt Pankow von Berlin, Büro der Bezirksverordnetenversammlung",Berlin
"Bezirksamt Pankow, Amt für öffentliche Ordnung",Berlin
Bezirksamt Reinickendorf von Berlin - Büro der Bezirksverordnetenversammlung,Berlin
Bezirksamt Steglitz-Zehlendorf  von Berlin - Büro der Bezirksverordnetenversammlung,Berlin
Bezirksamt Treptow-Köpenick von Berlin - Büro der Bezirksverordnetenversammlung,Berlin
Landedenkmalamt Berlin,Berlin
Polizei Berlin,Berlin
Polizei Berlin LKA St 14,Berlin
"Senatsverwaltung für Stadtentwicklung, Bauen und Wohnen",Berlin
"Senatsverwaltung für Umwelt, Mobilität, Verbraucher- und Klimaschutz Berlin",Berlin
"Senatsverwaltung für Umwelt, Verkehr und Klimaschutz, Fischereiamt Berlin",Berlin
"Senatsverwaltung für Wissenschaft, Gesundheit, Pflege und Gleichstellung",Berlin
"Senatsverwaltung Umwelt, Verkehr und Klimaschutz",Berlin
Statistikstelle Personal bei der Senatsverwaltung für Finanzen,Berlin
Abt. III C - Freiraumplanung und Stadtgrün,Berlin
Beate Wimmer,Berlin
"Bezirksamt Charlottenburg-Wilmersdorf, Büro der Bezirksverordnetenversammlung",Berlin
Bezirksamt Friedrichshain-Kreuzberg von Berlin,Berlin
"Bezirksamt Spandau von Berlin. Abteilung Bauen, Planen, Umwelt- und Naturschutz (FB Vermessung und Geoinformation).",Berlin
Bezirksamt Steglitz-Zehlendorf von Berlin,Berlin
Landesamt für Gesundheit und Soziales Berlin,Berlin
"Senatsverwaltung für Stadtentwicklung, Bauen und Wohnen Berlin",Berlin
"Senatsverwaltung für Umwelt, Mobilität, Verbraucher- und Klimaschutz",Berlin
"Senatsverwaltung für Umwelt, Mobilität, Verbraucher- und Klimaschutz, Fischereiamt Berlin",Berlin
"Senatsverwaltung für Wissenschaft, Gesundheit, Pflege und Gleichstellung Berlin",Berlin
"Senatsverwaltung für Wissenschaft, Gesundheit, Pflege und Gleichstellung Berlin – Presse- und Öffentlichkeitsarbeit",Berlin
"Bezirksamt Lichtenberg, Abteilung Schule, Sport und Facility Management, Serviceeinheit Facility Management",Berlin
VMZ Berlin Betreibergesellschaft mbH,Berlin
Bezirksamt Neukölln von Berlin,Berlin
"Bezirksamt Tempelhof-Schöneberg von Berlin, SE Facility Management",Berlin
Frau Koch - Ansprechpartnerin für die Begegnungsstätten im Sozialamt des Bezirksamtes Pankow von Berlin,Berlin
"Senatsverwaltung für Mobilität, Verkehr, Klimaschutz und Umwelt Berlin",Berlin
"Senatsverwaltung für Mobilität, Verkehr, Klimaschutz und Umwelt, Fischereiamt Berlin",Berlin
Berliner Wasserbetriebe,Berlin
Bezirksamt Friedrichshain-Kreuzberg von Berlin - Vermessung,Berlin
Bezirksamt Steglitz-Zehlendorf - Fachbereich Grünflächen,Berlin
"Bezirksamt Treptow-Köpenick, Bereich Museen",Berlin
Bezirksamt Friedrichshain-Kreuzberg von Berlin - Vermessung,Berlin
Berlin.de,Berlin
Berliner Umweltportal,Berlin
BerlinOnline Stadtportal GmbH & Co KG,Berlin
BerlinOnline Stadtportal GmbH & Co. KG,Berlin
Bezirksamt Charlottenburg-Wilmersdorf von Berlin,Berlin
"Bezirksamt Charlottenburg-Wilmersdorf von Berlin, OE SPK",Berlin
Bezirksamt Friedrichshain-Kreuzberg von Berlin - Büro der Bezirksverordnetenversammlung,Berlin
Bezirksamt Lichtenberg - Finanzservice,Berlin
Bezirksamt Mitte - Amt für Weiterbildung und Kultur,Berlin
Bezirksamt Mitte von Berlin - Büro der Bezirksverordnetenversammlung,Berlin
Bezirksamt Neukölln von Berlin - Büro der Bezirksverordnetenversammlung,Berlin
Bezirksamt Pankow von Berlin,Berlin
Bezirksamt Tempelhof-Schöneberg - Büro der Bezirksverordnetenversammlung,Berlin
"Bezirksamt Tempelhof-Schöneberg, Abteilung Stadtentwicklung und Facility Management",Berlin
Bezirksamt Treptow-Köpenick von Berlin,Berlin
Der Regierende Bürgermeister - Senatskanzlei,Berlin
Berlin.de,Berlin
Bezirksamt Mitte - Amt für Weiterbildung und Kultur,Berlin
"Arbeitsstelle Gewaltprävention i.A. der Landeskommission Berlin gegen Gewalt, Senatsverwaltung für Inneres und Sport",Berlin
IHK Berlin,Berlin
Senatskanzlei Berlin,Berlin
bernkastel,Bernkastel-Kues
bernkastelkues,Bernkastel-Kues
kues,Bernkastel-Kues
Stadt Bernkastel-Kues,Bernkastel-Kues
Bielefeld,Bielefeld
Stadt Bielefeld,Bielefeld
Stadt Bielefeld - Amt für Geoinformation und Kataster,Bielefeld
Immobilienservicebetrieb der Stadt Bielefeld (ISB),Bielefeld
Marcel Tesch,Bielefeld
Presseamt/Statistikstelle der Stadt Bielefeld,Bielefeld
Stadt Bielefeld - Feuerwehramt,Bielefeld
"Stadt Bielefeld, Presseamt/Statistikstelle",Bielefeld
geoinformationundkataster@bielefeld.de,Bielefeld
Stadt Bielefeld - Sportamt,Bielefeld
Stadt Bielefeld - Umweltamt,Bielefeld
Umweltbetrieb der Stadt Bielefeld,Bielefeld
Stadt Bielefeld - Amt für Schule,Bielefeld
Stadt Bielefeld - Umweltbetrieb,Bielefeld
Stadt Bielefeld - Wahlteam,Bielefeld
Bürgeramt der Stadt Bielefeld - Wahlteam,Bielefeld
Gutachterausschuss für Grundstückswerte in der Stadt Bielefeld,Bielefeld
Immobilienservicebetrieb der Stadt Bielefeld (ISB),Bielefeld
Stadt Bielefeld - Amt für Schule,Bielefeld
Umweltbetrieb der Stadt Bielefeld (UWB),Bielefeld
Stadt Bielefeld - Amt für Verkehr,Bielefeld
Stadt Bielefeld - Bauamt,Bielefeld
Immobilienservicebetrieb der Stadt Bielefeld (ISB),Bielefeld
Stadt Bielefeld - Amt für Jugend und Familie - Jugendamt,Bielefeld
Stadt Bielefeld - Amt für Personal,Bielefeld
Stadt Bielefeld - Bürgeramt Wahlteam,Bielefeld
Wahlteam der Stadt Bielefeld,Bielefeld
Stadtverwaltung Bingen am Rhein,Bingen am Rhein
Verbandsgemeinde Birkenfeld,Birkenfeld
Verbandsgemeinde Bitburger Land,Bitburger-Land
Stadt Blankenhain,Blankenhain
Stadtverwaltung Böblingen,Böblingen
Stadt Bocholt,Bocholt
Stadt Bochum,Bochum
"Amt für Bürgerservice der Stadt Bochum, Büro für Kfz-Angelegenheiten",Bochum
Gemeinde Bönen,Bönen
Bonn,Bonn
Bonn.digital GbR,Bonn
bonnorange AöR,Bonn
Stadt Bonn,Bonn
Stadtwerke Bonn,Bonn
opendata@bonn.de,Bonn
Stadt Bottrop,Bottrop
Stadt Bottrop,Bottrop
Stadt Bottrop - Amt für Informationsverarbeitung (12),Bottrop
Stadt Bramsche,Bramsche
Regionalverband Großraum Braunschweig,Braunschweig
"Stadt Braunschweig, Fachbereich 61 Stadtplanung und Umweltschutz, Abt. 61.2 Geoinformation",Braunschweig
"Stadt Braunschweig, Fachbereich für Stadtplanung und Umweltschutz, Abtlg. Geoinformation",Braunschweig
"Stadt Braunschweig, Fachbereich Stadtplanung und Umweltschutz, Abt. Geoinformation",Braunschweig
"Stadt Braunschweig, Referat Stadtentwicklung und Statistik",Braunschweig
Stadt Braunschweig,Braunschweig
"Die Senatorin für Klimaschutz, Umwelt, Mobilität, Stadtentwicklung und Wohnungsbau",Bremen
"Freie Hansestadt Bremen, der Senator für Inneres",Bremen
"Freie Hansestadt Bremen, der Senator für Kultur",Bremen
"Freie Hansestadt Bremen, die Senatorin für Kinder und Bildung",Bremen
"Freie Hansestadt Bremen, die Senatorin für Klimaschutz, Umwelt, Mobilität, Stadtentwicklung und Wohnungsbau",Bremen
Freie und Hansestadt Bremen,Bremen
"Senatorin für Finanzen, Zentrales IT-Management, Digitalisierung öffentlicher Dienste",Bremen
Stadtbibliothek Bremen,Bremen
Statistisches Landesamt Bremen,Bremen
Transparenzportal Bremen,Bremen
"Die Senatorin für Soziales, Jugend, Integration und Sport\nProjektkoordination Bremen",Bremen
"Freie Hansestadt Bremen, Die Senatorin für Kinder und Bildung",Bremen
"Freie Hansestadt Bremen, Die Senatorin für Klimaschutz, Umwelt, Mobilität, Stadtentwicklung und Wohnungsbau",Bremen
"Landesamt GeoInformation Bremen, Koordinierungsstelle GDI-FHB",Bremen
Verkehrs Management Zentrale Bremen,Bremen
"Freie Hansestadt Bremen, Die Senatorin für Umwelt, Klima und Wissenschaft",Bremen
"Die Senatorin für Soziales, Jugend, Integration und Sport
Projektkoordination Bremen",Bremen
"Freie Hansestadt Bremen, Die Senatorin für Bau, Mobilität und Stadtentwicklung",Bremen
"Freie Hansestadt Bremen, Die Senatorin für Kinder und Bildung",Bremen
Stadt Brotterode-Trusetal,Brotterode-Trusetal
Samtgemeinde Bruchhausen-Vilsen,Bruchhausen-Vilsen
Verbandsgemeinde Bruchmühlbach-Miesau,Bruchmühlbach-Miesau
Brühl,Brühl
Stadt Brühl,Brühl
Stadt Brunsbüttel,Brunsbüttel
Stadt Büdelsdorf,Büdelsdorf
Stadt Bürgel und den zu erfüllenden Gemeinden,Bürgel
Stadt Bürgel und der beauftragenden Gemeinden,Bürgel
Stadt Celle,Celle
GISAdminChemnitz,Chemnitz
Stadt Chemnitz,Chemnitz
"Stadt Chemnitz, Amt 10, Hauptamt",Chemnitz
"Stadt Chemnitz, Amt 18, Amt für Informationsverarbeitung",Chemnitz
"Stadt Chemnitz, Amt 36, Umweltamt",Chemnitz
"Stadt Chemnitz, Amt 40, Schulamt",Chemnitz
"Stadt Chemnitz, Amt 48, Tierpark",Chemnitz
"Stadt Chemnitz, Amt 51, Jugendamt",Chemnitz
"Stadt Chemnitz, Amt 52, Sportamt",Chemnitz
"Stadt Chemnitz, Amt 61, Stadtplanungsamt",Chemnitz
"Stadt Chemnitz, Amt 62, Städtisches Vermessungsamt",Chemnitz
"Stadt Chemnitz, Amt 66, Tiefbauamt",Chemnitz
"Stadt Chemnitz, Amt 67, Grünflächenamt",Chemnitz
Stadtverwaltung Chemnitz,Chemnitz
Stadt Deggendorf,Deggendorf
Stadt Delbrück,Delbrück
Stadt Diepholz,Diepholz
Stadt Dingelstädt,Dingelstädt
Stadt Dissen aTW,Dissen am Teutoburger Wald
Dormagen,Dormagen
Stadt Dormagen,Dormagen
Stadt Dormagen,Dormagen
Stadt Dormagen (SWD),Dormagen
Stadt Dormagen,Dormagen
Dortmund,Dortmund
Kulturbetriebe Dortmund,Dortmund
Sport und Freitzeitbetriebe Dortmund,Dortmund
Stadt Dortmund,Dortmund
Landeshauptstadt Dresden,Dresden
Verkehrsverbund Oberelbe GmbH,Dresden
Stadt Dresden,Dresden
Gemeinde Drochtersen,Drochtersen
Stadt Drolshagen,Drolshagen
Duisburg,Duisburg
Duisburg Kontor,Duisburg
Stadt Duisburg,Duisburg
Wirtschaftsbetriebe Duisburg,Duisburg
Zoo Duisburg,Duisburg
Stadt Duisburg,Duisburg
Stadt Dülmen,Dülmen
Düsseldorf,Düsseldorf
Düsseldorfer Drogenhilfe e.V.,Düsseldorf
Feuerwehr Düsseldorf,Düsseldorf
Landeshauptstadt Düsseldorf,Düsseldorf
Stadtbüchereien der Landeshauptstadt Düsseldorf,Düsseldorf
Bezirksregierung Düsseldorf,Düsseldorf
Düsseldorf Tourismus,Düsseldorf
Open Data Team Düsseldorf,Düsseldorf
Open-Data-Team der Landeshauptstadt Düsseldorf,Düsseldorf
Open-Data-Team Düseldorf,Düsseldorf
Open-Data-Team Düsseldorf,Düsseldorf
Zukunftswerkstatt Düsseldorf,Düsseldorf
Feuerwehr Düsseldorf,Düsseldorf
Landeshauptstadt Düsseldorf - Kulturamt,Düsseldorf
Landeshauptstadt Düsseldorf - Kämmerei,Düsseldorf
Landeshauptstadt Düsseldorf - Stadtplanungsamt,Düsseldorf
Landeshauptstadt Düsseldorf – Amt für Statistik und Wahlen,Düsseldorf
Landeshauptstadt Düsseldorf – Sportamt,Düsseldorf
Landeshauptstadt Düsseldorf – Stadtentwässerungsbetrieb,Düsseldorf
Netzgesellschaft Düsseldorf mbH,Düsseldorf
 Open-Data-Team der Landeshauptstadt Düsseldorf,Düsseldorf
Ebeleben,Ebeleben
Stadt Ebeleben und der beauftragenden Gemeinden,Ebeleben
Stadt Eckernförde,Eckernförde
Stadt Eisenberg und den zu erfüllenden Gemeinden,Eisenberg
Stadt Eisenberg und der beauftragenden Gemeinden,Eisenberg
Stadt Eisfeld,Eisfeld
Stadt Ellrich,Ellrich
Stadt Elmshorn,Elmshorn
Elsdorf,Elsdorf
Stadt Elsdorf,Elsdorf
Stadt Emsdetten,Emsdetten
Verbandsgemeinde Enkenbach-Alsenborn,Enkenbach-Alsenborn
Ennepe-Ruhr-Kreis,Ennepe-Ruhr-Kreis
Stadt Ennigerloh,Ennigerloh
"Stadt Ennigerloh, Fachbereich Stadtentwicklung, Dipl.-Ing. Ben Riepe",Ennigerloh
Stadt Erftstadt,Erfstadt
Stadtverwaltung Erfurt,Erfurt
Stadt Erfurt,Erfurt
"Stadt Erfurt, TVA",Erfurt
Kulturamt Erlangen,Erlangen
OpenData Erlangen,Erlangen
Stadt Erlangen,Erlangen
"Stadt Erlangen, Eigenbetrieb für Stadtgrün",Erlangen
Statistik und Stadtforschung Erlangen,Erlangen
Stadt Eschweiler,Eschweiler
Essen,Essen
Stadt Essen,Essen
Stadt Euskirchen,Euskirchen
Gemeinde Everswinkel,Everswinkel
Stadt Flensburg,Flensburg
Gemeinde Frankenblick,Frankenblick
"Stadt Frankfurt am Main, Straßenverkehrsamt Verkehrsmanagement",Frankfurt am Main
Stadt Frankfurt am Main,Frankfurt am Main
"Stadt Frankfurt am Main, Bürgeramt, Statistik und Einwohnerwesen",Frankfurt am Main
"Stadt Frankfurt am Main, Bürgeramt, Statistik und Wahlen",Frankfurt am Main
"Stadt Frankfurt am Main, Stadtkämmerei",Frankfurt am Main
"Stadt Frankfurt am Main, Stadtvermessungsamt",Frankfurt am Main
"Stadt Frankfurt am Main, Umweltamt",Frankfurt am Main
Freiburg,Freiburg i. Br.
Freiburg i. Br.,Freiburg i. Br.
Stadt Freiburg i. Br. - Amt für Bürgerservice und Informationsverarbeitung,Freiburg i. Br.
Stadt Freiburg i. Br. - Garten- und Tiefbauamt,Freiburg i. Br.
Stadt Freiburg i. Br. - Geodatenmanagement,Freiburg i. Br.
Stadt Freiburg i. Br. - Stadtplanungsamt,Freiburg i. Br.
Stadt Freiburg i. Br. - Vermessungsamt,Freiburg i. Br.
Stadt Freiburg i. Br. - Geodatenmanagement,Freiburg i. Br.
Stadt Freiburg i. Br. - Stadtarchiv,Freiburg i. Br.
Stadt Freiburg i. Br.,Freiburg i. Br.
Stadt Freiburg i. Br. - Amt für Bürgerservice und Informationsmanagement,Freiburg i. Br.
Stadt Freiburg i. Br. - Amt für Digitales und IT,Freiburg i. Br.
Stadt Freiburg i. Br. - Baurechtsamt,Freiburg i. Br.
Stadt Freiburg i. Br. - Geodatenmanagement,Freiburg i. Br.
Stadt Freiburg i. Br. - Nachhaltigkeitsmanagement,Freiburg i. Br.
Stadt Freiburg i. Br. - Umweltschutzamt,Freiburg i. Br.
Stadt Freiburg im Breisgau,Freiburg i. Br.
Stadt Freren,Freren
Stadt Friedrichroda,Friedrichroda
Stadt Friedrichshafen,Friedrichshafen
Stadt Fürstenwalde/Spree - Fachgruppe TUIV,Fürstenwald/Spree
Gemeinde Geeste,Geeste
Stadt Geesthacht,Geesthacht
Internetredaktion der Stadt Geldern,Geldern
Gelsenkirchen,Gelsenkirchen
Offene Daten Gelsenkirchen,Gelsenkirchen
"Referat 62 - Vermessung und Kataster, Stadt Gelsenkirchen",Gelsenkirchen
Stadt Gelsenkirchen,Gelsenkirchen
Statistikstelle der Stadt Gelsenkirchen,Gelsenkirchen
Statistikstelle Gelsenkirchen,Gelsenkirchen
Statistikstelle Stadt Gelsenkirchen,Gelsenkirchen
Gemeinde Ammersbek,Gemeinde Ammersbek
Gemeinde Amt Wachsenburg,Gemeinde Amt Wachsenburg
Gemeinde Anrode,Gemeinde Anrode
Gemeinde Apen,Gemeinde Apen
Gemeinde Auengrund und der beauftragenden Gemeinden,Gemeinde Auengrund und der beauftragenden Gemeinden
Gemeinde Bad Essen,Gemeinde Bad Essen
Gemeinde Bad Klosterlausnitz und der beauftragenden Gemeinden,Gemeinde Bad Klosterlausnitz
Bad Sassendorf,Gemeinde Bad Sassendorf
Gemeinde Bad Sassendorf,Gemeinde Bad Sassendorf
Gemeinde Bad Zwischenahn,Gemeinde Bad Zwischenahn
Gemeinde Belm,Gemeinde Belm
Gemeinde Bissendorf,Gemeinde Bissendorf
Gemeinde Breitungen und beauftragende Gemeinden,Gemeinde Breitungen
Gemeinde Breitungen und der beauftragenden Gemeinden,Gemeinde Breitungen
Gemeinde Büchen,Gemeinde Büchen
Amt Büchen,Gemeinde Büchen
Gemeinde Edewecht,Gemeinde Edewecht
Gemeinde Elxleben und der beauftragenden Gemeinden,Gemeinde Elxleben und der beauftragenden Gemeinden
Gemeinde Eppertshausen,Gemeinde Eppertshausen
Gemeinde Föritztal,Gemeinde Föritztal
Gemeinde Ganderkesee,Gemeinde Ganderkesee
Gemeinde Grabfeld,Gemeinde Grabfeld
Gemeinde Grafschaft,Gemeinde Grafschaft
Gemeinde Haar ,Gemeinde Haar
Gemeinde Harth-Pöllnitz,Gemeinde Harth-Pöllnitz
Gemeinde Harztor,Gemeinde Harztor
Gemeinde Hasbergen,Gemeinde Hasbergen
Gemeinde Helbedündorf,Gemeinde Helbedündorf
Gemeinde Hellenthal,Gemeinde Hellenthal
Hellenthal,Gemeinde Hellenthal
Gemeinde Hohenstein,Gemeinde Hohenstein
Gemeinde Hörsel,Gemeinde Hörsel
Kall,Gemeinde Kall
Gemeinde Kaulsdorf und den zu erfüllenden Gemeinden,Gemeinde Kaulsdorf
Kaulsdorf,Gemeinde Kaulsdorf
Gemeinde Kaulsdorf und beauftragende Gemeinden,Gemeinde Kaulsdorf
Gemeinde Kaulsdorf und der beauftragenden Gemeinden,Gemeinde Kaulsdorf
Gemeinde Kraftsdorf,Gemeinde Kraftsdorf
Gemeinde Kyffhäuserland,Gemeinde Kyffhäuserland
Gemeinde Langenwetzendorf und der beauftragenden Gemeinden,Gemeinde Langenwetzendorf und der beauftragenden Gemeinden
Gemeinde Masserberg,Gemeinde Masserberg
Gemeinde Menteroda,Gemeinde Menteroda
Gemeinde Modautal,Gemeinde Modautal
Gemeinde Münster,Gemeinde Münster
Gemeinde Nesse-Apfelstädt,Gemeinde Nesse-Apfelstädt
Gemeinde Nessetal und den zu erfüllenden Gemeinden,Gemeinde Nessetal und den zu erfüllenden Gemeinden
Gemeinde Nobitz und der beauftragenden Gemeinden,Gemeinde Nobitz
Nobitz,Gemeinde Nobitz
Stadtverwaltung Nottertal-Heilinger Höhen,Gemeinde Nottertal-Heilinger Höhen
Gemeinde Ostercappeln,Gemeinde Ostercappeln
Gemeinde Otzberg,Gemeinde Otzberg
Gemeinde Petershagen/Eggersdorf,Gemeinde Petershagen/Eggersdorf
Gemeinde Remptendorf,Gemeinde Remptendorf
Gemeinde Roetgen - Der Bürgermeister,Gemeinde Roetgen
Gemeinde Rosenthal am Rennsteig,Gemeinde Rosenthal am Rennsteig
Gemeinde Roßdorf,Gemeinde Roßdorf
Gemeinde Schleusegrund,Gemeinde Schleusegrund
simmerath,Gemeinde Simmerath
Gemeinde Sollstedt,Gemeinde Sollstedt
Gemeinde Sonnenstein,Gemeinde Sonnenstein
Gemeinde Stockelsdorf,Gemeinde Stockelsdorf
Gemeinde Sylt/Amt Landschaft S,Gemeinde Sylt/Amt Landschaft S
Gemeinde Veilsdorf,Gemeinde Veilsdorf
Gemeinde Wallenhorst,Gemeinde Wallenhorst
Gemeinde Wennigsen (Deister),Gemeinde Wennigsen (Deister)
Gemeinde Werther,Gemeinde Werther
Gemeinde Weyhe,Gemeinde Weyhe
Landgemeinde Uder und der beauftragenden Gemeinden,Gemeinden
Landgemeinde Georgenthal und der beauftragenden Gemeinden,Georgenthal
Stadtverwaltung Gera,Gera
Landgemeinde Geratal,Geratal
Stadt Gladbeck,Gladbeck
Stadt Glinde,Glinde
Glückstadt,Glückstadt
Stadt Goch,Goch
Stadtverwaltung Goch,Goch
Stadt Göttingen,Göttingen
Gemeinde Grasberg,Grasberg
Samtgemeinde Grasleben,Grasleben
Stadt Greiz,Greiz
Stadtverwaltung Greiz,Greiz
Greven,Greven
Stadt Greven,Greven
Stadt Grevenbroich,Grevenbroich
"Stadt Grevenbroich, Wahlamt",Grevenbroich
Stadt Gronau,Gronau
Landgemeinde Großbreitenbach,Großbreitenbach
Gemeinde Großenkneten,Großenkneten
Stadt Gütersloh,Gütersloh
Stadt Haan,Haan
Stadt Hagen,Hagen
Hagen,Hagen
Kreisfreie Stadt Halle (Saale),Halle (Saale)
Samtgemeinde Hambergen,Hambergen
Gemeinde Hambühren,Hambühren
Archäologisches Museum Hamburg,Hamburg
"BA Hamburg-Nord, IT-Angelegenheiten der Bezirksverwaltung",Hamburg
Behörde für Stadtentwicklung und Umwelt,Hamburg
Behörde für Stadtentwicklung und Wohnen (BSW),Hamburg
Bezirksamt Altona,Hamburg
"Bezirksamt Altona - Dezernat Wirtschaft, Bauen und Umwelt",Hamburg
"Bezirksamt Hamburg-Nord - Dezernat Wirtschaft, Bauen und Umwelt - Zentrum für Wirtschaftsförderung, Bauen und Umwelt",Hamburg
"Bezirksamt Wandsbek - Zentrum für Wirtschaftsförderung, Bauen und Umwelt",Hamburg
"Bezirksämter, Bezirksamt Altona, Dezernat 4 - Wirtschaft, Bauen und Umwelt, Fachamt Stadt- und Landschaftsplanung",Hamburg
"Bezirksämter, Bezirksamt Bergedorf, Dezernat 4 - Wirtschaft, Bauen und Umwelt, Fachamt Stadt- und Landschaftsplanung",Hamburg
"Bezirksämter, Bezirksamt Eimsbüttel, Dezernat 4 - Wirtschaft, Bauen und Umwelt, Fachamt Stadt- und Landschaftsplanung",Hamburg
"Bezirksämter, Bezirksamt Hamburg-Mitte, Dezernat Wirtschaft, Bauen und Umwelt, Fachamt Stadt- und Landschaftsplanung",Hamburg
"Bezirksämter, Bezirksamt Hamburg-Nord, Dezernat 4 - Wirtschaft, Bauen und Umwelt, Fachamt Stadt- und Landschaftsplanung",Hamburg
"Bezirksämter, Bezirksamt Harburg, Dezernat 4 - Wirtschaft, Bauen und Umwelt, Fachamt Stadt- und Landschaftsplanung",Hamburg
"Bezirksämter, Bezirksamt Wandsbek, Dezernat 4 - Wirtschaft, Bauen und Umwelt, Fachamt Stadt- und Landschaftplanung",Hamburg
"Finanzbehörde Hamburg, Finanzbehörde, Fachliche Leitstelle DRiVe",Hamburg
"Finanzbehörde Hamburg, Finanzbehörde, Fachliche Leitstelle INEZ",Hamburg
Hamburg Port Authority,Hamburg
Hamburg Tourismus GmbH,Hamburg
Hamburger Hochbahn AG,Hamburg
"Hamburger Hochbahn AG, Sachgebiet Vermessung",Hamburg
Hamburger Verkehrsbund GmbH,Hamburg
Hamburger Verkehrsverbund GmbH,Hamburg
Hamburger Wasserwerke GmbH,Hamburg
Landesbetrieb Geoinformation und Vermessung (LGV) Hamburg,Hamburg
S-Bahn Hamburg GmbH,Hamburg
Stadtreinigung Hamburg,Hamburg
"Statistisches Amt für Hamburg und Schleswig-Holstein, Informationsservice und Bibliothek - Hamburg",Hamburg
"Stiftung Hamburger Öffentliche Bücherhallen 
(Bücherhallen Hamburg)",Hamburg
Technische Universität Hamburg (TUHH),Hamburg
Technische Universität Hamburg-Harburg (TUHH) - Institut für Wasserbau,Hamburg
Bezirksamt Wandsbek,Hamburg
Verkehrsbetriebe Hamburg-Holstein GmbH,Hamburg
Landesbetrieb Geoinformation und Vermessung,Hamburg
"Behörde für Wissenschaft, Forschung, Gleichstellung und Bezirke (BWFGB)",Hamburg
StadtHamburg,Hamburg
Transparenzportal Hamburg: Behörde für Stadtentwicklung und Umwelt,Hamburg
Transparenzportal Hamburg: Behörde für Umwelt und Energie,Hamburg
Transparenzportal Hamburg: Behörde für Umwelt und Energie (BUE),Hamburg
"Transparenzportal Hamburg: Behörde für Umwelt und Energie (BUE), Immissionsschutz und Abfallwirtschaft (I)",Hamburg
"Transparenzportal Hamburg: Behörde für Umwelt und Energie (BUE), Naturschutz, Grünplanung und Bodenschutz (N)",Hamburg
"Transparenzportal Hamburg: Behörde für Umwelt und Energie (BUE), Wasser, Abwasser und Geologie (W)",Hamburg
"Transparenzportal Hamburg: Behörde für Umwelt und Energie (BUE), Wasser, Abwasser und Geologie (W), W1 - Wasserwirtschaft",Hamburg
"Transparenzportal Hamburg: Behörde für Umwelt und Energie (BUE), Wasser, Abwasser und Geologie (W), W1 - Wasserwirtschaft, Grundsatz, Wasserwirtschaftliche Grundlagen, Informationssysteme",Hamburg
"Transparenzportal Hamburg: Behörde für Umwelt und Energie (BUE), Wasser, Abwasser und Geologie (W), W1 - Wasserwirtschaft, Schutz und Bewirtschaftung der Oberflächengewässer",Hamburg
"Transparenzportal Hamburg: Behörde für Umwelt, Klima, Energie und Agrarwirtschaft (BUKEA)",Hamburg
"Transparenzportal Hamburg: Behörde für Verkehr und Mobilitätswende (BVM), Amt Verkehr",Hamburg
"Transparenzportal Hamburg: Behörde für Wirtschaft, Verkehr und Innovation, Amt für Verkehr und Straßenwesen",Hamburg
"Transparenzportal Hamburg: Finanzbehörde, Organisation und Zentrale Dienste",Hamburg
Transparenzportal Hamburg: Hamburg Port Authority,Hamburg
Transparenzportal Hamburg: Hamburger Hochbahn AG,Hamburg
Transparenzportal Hamburg: Hamburger Verkehrsbund GmbH,Hamburg
Transparenzportal Hamburg: Hamburger Verkehrsverbund GmbH,Hamburg
Transparenzportal Hamburg: Landesbetrieb Geoinformation und Vermessung,Hamburg
"Transparenzportal Hamburg: Landesbetrieb Straßen, Brücken und Gewässer",Hamburg
Transparenzportal Hamburg: Landesbetrieb Verkehr (LBV),Hamburg
"Transparenzportal Hamburg: Statistisches Amt für Hamburg und Schleswig-Holstein, Vertrieb des Statistikamts Nord",Hamburg
Geschäftsstelle der Metropolregion Hamburg,Hamburg
Koordinierungsstelle Geodateninfrastruktur Hamburg,Hamburg
Psychotherapeutenkammer Hamburg,Hamburg
Stadt Hamm,Hamm
Stadtplanungsamt Stadt Hamm,Hamm
Vermessungs- und Katasteramt Hamm,Hamm
Stadt Hanau,Hanau
Landeshauptstadt Hannover,Hannover
Landeshauptstadt Hannover - Fachbereich Tiefbau - Sachgebiet Verkehrsmanagement,Hannover
Bezirksamt Harburg,Harburg
Stadt Haren (Ems),Haren (Ems)
Samtgemeinde Harpstedt,Harpstedt
Stadt Harsewinkel,Harsewinkel
Stadt Haßfurt,Haßfurt
Stadt Hassfurt Smart Green City,Haßfurt
Ortsgemeinde Haßloch,Haßloch
Gemeinde Hatten,Hatten
Stadt Hattingen,Hattingen
Samtgemeinde Heeseberg,Heeseberg
Abfallwirtschaft und Stadtreinigung Heidelberg,Heidelberg
Stadt Heidelberg,Heidelberg
Heilbad Heiligenstadt,Heilbad Heiligenstadt
Stadt Heilbad Heiligenstadt,Heilbad Heiligenstadt
Stadt Heilbronn,Heilbronn
Offene Daten Heilbronn,Heilbronn
Stadt Heiligenhaus,Heiligenhaus
Stadt Heimbach,Heimbach
Heimbach,Heimbach
Stadt Hemmingen,Hemmingen
Stadtverwaltung Hennef,Hennef
Stadt Hennef,Hennef
Stadt Hennef (Sieg),Hennef
Gemeinde Herbsleben,Herbsleben
Stadt Heringen/Helme,Heringen/Helme
Stadt Heringen/Helme und der beauftragenden Gemeinden,Heringen/Helme
Herne,Herne
Stadt Herne,Herne
Entsorgung Herne,Herne
Stadt Herrenberg,Herrenberg
Verbandsgemeindeverwaltung Herrstein-Rhaunen,Herrstein-Rhaunen
Stadt Herzogenrath,Herzogenrath
Stadt Hildburghausen,Hildburghausen
Stadt Hilden,Hilden
Gewerbeaufsichtsamt Hildesheim,Hildesheim
Gewerbeaufsichtsamt Hildesheim,Hildesheim
Stadt Hirschberg,Hirschberg
Magistrat der Stadt Hochheim am Main,Hochheim am Main
Hochsauerlandkreis,Hochsauerlandkreis
Hochsauerlandlkreis,Hochsauerlandkreis
Hochtaunuskreis,Hochtaunuskreis
Verbandsgemeinde Höhr-Grenzhausen,Höhr-Grenzhausen
Gemeinde Holzwickede,Holzwickede
Hürtgenwald,Hürtgenwald
Stadt Hürth,Hürth
Stadt Ilmenau,Ilmenau
Landratsamt Ilm-Kreis,Ilm-Kreis
Gemeinde Ilmtal-Weinstraße,Ilmtal-Weinstraße
Stadt Ingolstadt,Ingolstadt
Wasserwirtschaftsamt Ingolstadt,Ingolstadt
Stadt Iserlohn,Iserlohn
Stadt Itzehoe,Itzehoe
Stadtverwaltung Jena,Jena
Stadt Jüchen,Jüchen
Jülich,Jülich
Stadt Kaarst,Kaarst
Stadt Kahla,Kahla
Stadtverwaltung Kaiserslautern,Kaiserslautern
Stadt Kaltenkirchen,Kaltenkirchen
Stadt Kamen,Kamen
Stadt Kappeln in Verwaltungsgemeinschaft mit dem Amt Kappeln-Land,Kappeln
Karlsruher Verkehrsverbund (KVV),Karlsruhe
Stadt Karlsruhe,Karlsruhe
Stadtwerke Karlsruhe,Karlsruhe
Stadt Karlsruhe - Tiefbauamt,Karlsruhe
Stadt Kassel,Kassel
 Stadt Kempten (Allgäu) - Digitale Stadtentwicklung,Kempten (Allgäu)
Stadt Kempten (Allgäu),Kempten (Allgäu)
Stadt Kempten (Allgäu) - Digitale Stadtentwicklung,Kempten (Allgäu)
Kerpen,Kerpen
Landeshauptstadt Kiel,Kiel
"Landeshauptstadt Kiel, Amt für Finanzwirtschaft",Kiel
"Landeshauptstadt Kiel, Bürger- und Ordnungsamt, Abteilung Statistik",Kiel
"Landeshauptstadt Kiel, Bürger- und Ordnungsamt, Wahlen und Abstimmungen",Kiel
Kunsthalle Kiel,Kiel
Samtgemeinde Kirchdorf,Kirchdorf
Verbandsgemeindeverwaltung Kirchheimbolanden,Kirchheimbolanden
Kreisverwaltung Kleve,Kleve
Stadt Kleve,Kleve
Standesamt Kleve,Kleve
"Wirtschaft, Tourismus & Marketing Stadt Kleve GmbH",Kleve
Kölleda,Kölleda
Stadt Kölleda,Kölleda
AWB Köln,Köln
Feuerwehr Koeln,Köln
FH Köln,Köln
Köln,Köln
KölnBäder GmbH,Köln
Kölner Zoo,Köln
KVB Koeln,Köln
Polizei NRW Koeln,Köln
Stadt Köln,Köln
Stadtbibliothek Köln,Köln
VHS Koeln,Köln
"Amt für Kinder, Jugend und Familie Stadt Köln",Köln
"Amt für Liegenschaften, Vermessung und Kataster Stadt Köln, Archäologischen Zone Köln",Köln
Amt für öffentliche Ordnung Stadt Köln,Köln
Amt für Stadtentwicklung und Statistik - Raumbezugssystem Stadt Köln,Köln
Amt für Stadtentwicklung und Statistik - Statistisches Informationssystem Stadt Köln,Köln
Amt für Straßen und Verkehrsentwicklung  Stadt Köln,Köln
Amt für Straßen und Verkehrsentwicklung Stadt Köln,Köln
Amt für Verkehrsmanagement  Stadt Köln,Köln
Amt für Verkehrsmanagement Stadt Köln,Köln
Bauverwaltungsamt Stadt Köln,Köln
Gebäudewirtschaft der Stadt Köln,Köln
Geodatenmanagement Stadt Köln,Köln
Gesundheitsamt Stadt Köln,Köln
Integrierte Jugendhilfe- und Schulentwicklungsplanung Stadt Köln,Köln
Museum für Angewandte Kunst Köln,Köln
Rautenstrauch-Joest-Museum Köln,Köln
Rheinisches Bildarchiv der Stadt Köln,Köln
Römisch Germanisches Museum Köln,Köln
Standesamt Stadt Köln,Köln
Umwelt- und Verbraucherschutzamt Stadt Köln,Köln
Wahlamt der Stadt Köln,Köln
Köln Bäder,Köln
Polizei Köln,Köln
Stadtbibliothek Köln,Köln
Zoologischer Garten Köln,Köln
Redaktion offenedaten-koeln,Köln
Amt für Gleichstellung von Frauen und Männern Stadt Köln,Köln
Amt für Denkmalschutz und Denkmalpflege Stadt Köln,Köln
Amt für Integration und Vielfalt Stadt Köln,Köln
Amt für Landschaftspflege und Grünflächen Stadt Köln,Köln
Amt für Schulentwicklung Stadt Köln,Köln
Bezirksregierung Köln,Köln
Bühnen der Stadt Köln,Köln
Büro für Diversity-Management Stadt Köln,Köln
Fahrradbeauftragter Stadt Köln,Köln
"Gewerbe - An-, Ab- und Ummeldung Stadt Köln",Köln
Kämmerei Stadt Köln,Köln
Kinder- und Jugendärztlicher Dienst Stadt Köln,Köln
Kultruamt Stadt Köln,Köln
Kulturamt Stadt köln,Köln
KVB Köln,Köln
Museumsdiesnt Köln,Köln
NS-Dokumentationszentrum der Stadt Köln,Köln
offenedaten-koeln.de,Köln
Redaktion offenedaten-koeln (https://www.offenedaten-koeln.de/impressum),Köln
Redaktion offenedaten-koeln.de,Köln
Sportamt Stadt Köln,Köln
Stadtentwässerungsbetriebe Köln,Köln
Stadtplanungsamt Stadt  Köln,Köln
VHS Köln,Köln
Zentrale Vergabestelle Stadt Köln,Köln
Amt für nachhaltige Mobilitätsentwicklung Stadt Köln,Köln
"Karten, Kataster und Vermessung - Stadt Köln",Köln
Stadt Königslutter am Elm,Königslutter am Elm
Stadt Konstanz,Konstanz
Stadtwerke Konstanz,Konstanz
Offene Daten Konstanz,Konstanz
"Stadt Konstanz, Amt für Liegenschaften und Geoinformation",Konstanz
Team Offene Daten Konstanz,Konstanz
Entsorgungsbetriebe Stadt Konstanz,Konstanz
Offene Daten Stadt Konstanz,Konstanz
Stadtwerke Konstanz GmbH,Konstanz
Team Offene Daten Stadt Konstanz,Konstanz
Stadt Korschenbroich,Korschenbroich
Kommunalbetrieb Krefeld AöR,Krefeld
Netzgesellschaft Niederrhein MBH,Krefeld
Stadt Krefeld,Krefeld
Kreis Bergstraße,Kreis Bergstraße
Kreis Euskirchen,Kreis Euskirchen
Kreis Groß-Gerau,Kreis Groß-Gerau
Kreis Gütersloh,Kreis Gütersloh
Herford,Kreis Herford
Kreis Herford,Kreis Herford
Kreis Herzogtum Lauenburg,Kreis Herzogtum Lauenburg
Kreis Kleve,Kreis Kleve
Kreisverwaltung Kreis Kleve,Kreis Kleve
opendata@kreis-kleve.de,Kreis Kleve
Kreis Minden-Lübbecke,Kreis Minden-Lübbecke
Kreis Nordfriesland,Kreis Nordfriesland
"Kreis Paderborn, Amt für Geoinformation, Kataster und Vermessung",Kreis Paderborn
Kreis Pinneberg,Kreis Pinneberg
Kreis Recklinghausen,Kreis Recklinghausen
Kreisverwaltung Recklinghausen,Kreis Recklinghausen
Kreis Rendsburg-Eckernförde,Kreis Rendsburg-Eckernförde
Klimaschutzagentur im Kreis Rendsburg-Eckernförde gGmbH,Kreis Rendsburg-Eckernförde
Kreis Schleswig-Flensburg,Kreis Schleswig-Flensburg
Kreis Schleswig-Flensburg,Kreis Schleswig-Flensburg
Kreis Soest,Kreis Soest
Kreis Steinfurt,Kreis Steinfurt
Kreis Stormarn,Kreis Stormarn
Kreisarchiv Stormarn,Kreis Stormarn
Kreis Unna,Kreis Unna
unna,Kreis Unna
"Kreis Unna, Fachbereich Schulen und Bildung",Kreis Unna
Kreis Viersen,Kreis Viersen
Kreis Warendorf,Kreis Warendorf
Kreis Wesel ,Kreis Wesel
Kreisstadt Dietzenbach,Kreisstadt Dietzenbach
Kreisstadt Hofheim am Taunus,Kreisstadt Hofheim am Taunus
Kreisverwaltung Landkreis Mansfeld-Südharz,Kreisverwaltung Landkreis Mansfeld-Südharz
Kreuzau,Kreuzau
Landratsamt Kyffhäuserkreis,Kyffhäuserkreis
Stadt Lahr - Stadtplanungsamt,Lahr
Stadt Landau,Landau in der Pfalz
Stadt Landau - Stadtbauamt,Landau in der Pfalz
Landgemeinde Buttstädt,Landgemeinde Buttstädt
Georgenthal,Landgemeinde Georgenthal
Landgemeinde Georgenthal und beauftragende Gemeinden,Landgemeinde Georgenthal
Landgemeinde Georgenthal und der beauftragenden Gemeinden,Landgemeinde Georgenthal
Landgemeinde und erfüllende Gemeinde Georgenthal,Landgemeinde Georgenthal
Grammetal,Landgemeinde Grammetal
Landgemeinde Grammetal,Landgemeinde Grammetal
Landgemeinde Greußen,Landgemeinde Greußen
LRA Altenburger Land,Landkreis Altenburger Land
Landratsamt Altenburger Land,Landkreis Altenburger Land
Landratsamt Amberg-Sulzbach,Landkreis Amberg-Sulzbach
Landkreis Ammerland - Test,Landkreis Ammerland
Barnimer Energiebeteiligungsgesellschaft mbH,Landkreis Barnim
Landkreis Bernkastel-Wittlich,Landkreis Bernkastel-Wittlich
LandkreisCham,Landkreis Cham
Landkreis Cham,Landkreis Cham
Landkreis Darmstadt-Dieburg,Landkreis Darmstadt-Dieburg
Landkreis Diepholz,Landkreis Diepholz
Landratsamt Eichsfeld,Landkreis Eichself
Landratsamt Gotha,Landkreis Gotha
Landkreis Göttingen,Landkreis Göttingen
Landratsamt Greiz,Landkreis Greiz
Landratsamt Greiz,Landkreis Greiz
Landratsamt Hildburghausen,Landkreis Hildburghausen
Landkreis Leer,Landkreis Leer
Landkreis Limburg-Weilburg,Landkreis Limburg-Weilburg
Landkreis Ludwigslust-Parchim,Landkreis Ludwigslust-Parchim
Landkreis Mecklenburgische Seenplatte,Landkreis Mecklenburgische Seenplatte
LRA Landkreis Meißen,Landkreis Meißen
Landratsamt Neustadt an der Waldnaab,Landkreis Neustadt an der Waldnaab
Landkreis Nienburg/Weser,Landkreis Nienburg/Weser
Landkreis Nordhausen,Landkreis Nordhausen
Landkreis Osterholz,Landkreis Osterholz
Landkreis Rostock,Landkreis Rostock
Landkreis Saalfeld-Rudolstadt,Landkreis Saalfeld-Rudolstadt
LRA Landkreis Sächsische Schweiz-Osterzgebirge,Landkreis Sächsische Schweiz-Osterzgebirge
Landratsamt Schmalkalden - Meiningen,Landkreis Schmalkalden - Meiningen
Landratsamt Schmalkalden-Meiningen,Landkreis Schmalkalden-Meiningen
Landratsamt Sömmerda,Landkreis Sömmerda
Landkreis Sonneberg,Landkreis Sonneberg
Landratsamt Landkreis Sonneberg,Landkreis Sonneberg
Landkreis Verden,Landkreis Verden
Landratsamt Vogtlandkreis,Landkreis Vogtlandkreis
Landkreis Vorpommern-Greifswald,Landkreis Vorpommern-Greifswald
Landkreis Vorpommern-Rügen,Landkreis Vorpommern-Rügen
Landratsamt Weimarer Land,Landkreis Weimarer Land
Verbandsgemeinde Landstuhl,Landstuhl
Verbandsgemeindeverwaltung Landstuhl,Landstuhl
Stadt Langenhagen,Langenhagen
Langerwehe,Langerwehe
Stadt Lauscha,Lauscha
Gemeinde Lehre,Lehre
Amt für Geoinformation und Bodenordnung - Stadt Leipzig,Leipzig
Amt für Stadtgrün und Gewässer - Stadt Leipzig,Leipzig
Amt für Statistik und Wahlen - Stadt Leipzig,Leipzig
"Amt für Statistik und Wahlen - Stadt Leipzig
",Leipzig
Amt für Umweltschutz - Stadt Leipzig,Leipzig
Amt für Umweltschutz der Stadt Leipzig,Leipzig
Leipziger Städtische Bibliotheken,Leipzig
Leipziger Verkehrsbetriebe,Leipzig
Leipziger Verkehrsbetriebe (LVB) GmbH,Leipzig
Stadt Leipzig,Leipzig
"Stadt Leipzig, Stadtarchiv",Leipzig
Stadtarchiv Leipzig,Leipzig
Stadtverwaltung Leipzig,Leipzig
Standesamt Leipzig,Leipzig
Gesundheitsamt Leipzig,Leipzig
Amt für Geoinformation und Bodenordnung der Stadt Leipzig,Leipzig
Leipzig Tourismus und Marketing GmbH,Leipzig
Leipziger Wohnungs- und Baugesellschaft mbH,Leipzig
"Stadt Leipzig, Amt für Statistik und Wahlen",Leipzig
Stadt Leipzig - Verkehrs- und Tiefbauamt,Leipzig
Stadt Lemgo,Lemgo
Stadt Lengerich,Lengerich
Stadt Leutenberg,Leutenberg
Gemeinde Lilienthal,Lilienthal
Stadt Lingen (Ems),Lingen (Ems)
Verbandsgemeinde Lingenfeld,Lingenfeld
Linnich,Linnich
Stadt Lippstadt,Lippstadt
Gemeinde Lotte,Lotte
Hansestadt Lübeck,Lübeck
Kommunale Statistikstelle Lübeck,Lübeck
Stadt Lucka,Lucka
Stadt Lüdenscheid,Lüdenscheid
Stadtverwaltung Ludwigshafen,Ludwigshafen am Rhein
Stadtverwaltung Ludwigshafen am Rhein,Ludwigshafen am Rhein
Stadt Lünen,Lünen
Landeshauptstadt Magdeburg,Magdeburg
Verbandsgemeinde Maifeld,Maifeld
Main-Kinzig-Kreis,Main-Kinzig-Kreis
Stadt Maintal,Maintal
Main-Taunus-Kreis,Main-Taunus-Kreis
Stadt Mainz,Mainz
Landeshauptstadt Mainz,Mainz
Stadt Mainz Stadtplanungsamt,Mainz
Stadtverwaltung Mainz,Mainz
Stadt Mannheim,Mannheim
Stadt Mannheim - Kommunale Statistikstelle,Mannheim
Stadtverwaltung Mannheim,Mannheim
Märkischer Kreis,Märkischer Kreis
Verbandsgemeinde Maxdorf,Maxdorf
ST Mayen,Mayen
Stadt Mayen,Mayen
Stadtverwaltung Mayen,Mayen
Meerbusch,Meerbusch
opendata@meerbusch.de,Meerbusch
Stadt Meerbusch,Meerbusch
"Stadt Meerbusch, Service Finanzen",Meerbusch
Stadtverwaltung Meiningen,Meiningen
Gemeinde Stadt Meiningen und beauftragende Gemeinden,Meiningen
Stadt Meiningen,Meiningen
Stadt Meiningen und beauftragende Gemeinden,Meiningen
Stadt Meiningen und der beauftragenden Gemeinden,Meiningen
Stadt Melle,Melle
Stadt Memmingen - Amt 51 Stadtplanungsamt,Memmingen
Stadt Memmingen - Amt 51.1 Geoinformation und Vermessung,Memmingen
Stadt Memmingen - Amt 54 Abfallwirtschaft und Abwasser,Memmingen
Stadt Memmingen - Amt 55 Stadtgrün und Friedhöfe,Memmingen
Stadt Memmingen - Stabstelle 03 Büro Oberbürgermeister,Memmingen
Stadtverwaltung Menden,Menden (Sauerland)
Menden (Sauerland),Menden (Sauerland)
Stadt Menden (Sauerland),Menden (Sauerland)
Merzenich,Merzenich
Stadt Minden,Minden
Stadt Mittenwalde,Mittenwalde
MoersMarketing GmbH,Moers
Stadt Moers,Moers
Stadt Moers,Moers
Werbering Moers,Moers
Moers,Moers
Stadt Mönchengladbach,Mönchengladbach
Mönchengladbach,Mönchengladbach
Stadt Monschau,Monschau
Stadt Mühlhausen/Thüringen,Mühlhausen
GeodatenService München,München
HAI Stadtentwicklungsplanung Abt. 2,München
"HAI Stadtentwicklungsplanung Abt. 4 – Räumliche Entwicklungsplanung, Flächennutzungsplanung",München
HAII Stadtplanung,München
Stadtkämmerei Landeshauptstadt München,München
beschluesse.rit@muuenchen.de,München
data.opengov@muenchen.de,München
eoGovernment Projekt Landeshauptstadt München,München
freizeitsport@muenchen.de,München
GeodatenService München der Landeshauptstadt München,München
Baureferat der Landeshauptstadt München,München
IT-Referat der Landeshauptstadt München,München
Kreisverwaltungsreferat der Landeshauptstadt München,München
Landeshauptstadt München,München
München Klinik gGmbH,München
Münchener Tierpark Hellabrunn AG,München
Münchner Gewerbehof- und Technologiezentrumsgesellschaft mbH,München
Münchner Verkehrs- und Tarifverbund GmbH (MVV),München
Münchner Verkehrsgesellschaft mbH (MVG),München
P+R Park & Ride GmbH München,München
Referat für Bildung und Sport der Landeshauptstadt München,München
Referat für Stadtplanung und Bauordnung der Landeshauptstadt München,München
Stadtkämmerei der Landeshauptstadt München,München
Statistisches Amt München,München
muenchen.de,München
 Referat für Arbeit und Wirtschaft - München Tourismus ,München
Referat für Arbeit und Wirtschaft (RAW) der Landeshauptstadt München,München
Landeshauptstadt München Mobilitätsreferat,München
Mobilitätsreferat der Landeshauptstadt München,München
Sozialreferat der Landeshauptstadt München,München
Stadtgüter München,München
Bezirksregierung Münster,Münster
Flughafen Münster/Osnabrück,Münster
Münster,Münster
Stadt Münster,Münster
Stadtwerke Münster,Münster
Wirtschaftsförderung Münster GmbH,Münster
Open Data Koodination Münster,Münster
Open Data Koordination der Stadt Münster,Münster
Open Data Koordination Münster,Münster
Open Data Koordination Stadt Münster,Münster
Abfallwirtschaftsbetriebe Münster (AWM),Münster
Stadt Münster,Münster
Stadt Münster - Wahlamt,Münster
Verbandsgemeindeverwaltung Nastätten,Nastätten
Gemeinde Nessetal und der beauftragenden Gemeinden,Nessetal
Stadt Neuhaus am Rennweg und der beauftragenden Gemeinden,Neuhaus am Rennweg
Stadt Neumünster,Neumünster
Neuss,Neuss
Stadt Neuss,Neuss
Neustadt an der Orla,Neustadt an der Orla
Stadt Neustadt an der Orla und der beauftragenden Gemeinden,Neustadt an der Orla
Verwaltungsgericht Neustadt an der Weinstraße,Neustadt an der Weinstraße
Verbandsgemeindeverwaltung Nieder-Olm,Nieder-Olm
Gemeinde Niederorschel,Niederorschel
Niederzier,Niederzier
Samtgemeinde Nord-Elm,Nord-Elm
Norderstedt,Norderstedt
Stadtverwaltung Norderstedt,Norderstedt
Stadt Nordhausen,Nordhausen
Samtgemeinde Nordhümmling,Nordhümmling
Nörvenich,Nörvenich
VAG Verkehrs-Aktiengesellschaft Nürnberg,Nürnberg
Ortsgemeinde Oberdürenbach,Oberdürenbach
Oberhausen,Oberhausen
Stadt Oberhausen,Oberhausen
Oberhof,Oberhof
Stadt Oberhof,Oberhof
Stadt Ober-Ramstadt,Ober-Ramstadt
Odenwaldkreis,Odenwaldkreis
Stadt Oelde,Oelde
Ohrdruf,Ohrdruf
Stadt Ohrdruf und der beauftragenden Gemeinden,Ohrdruf
Stadt Oldenburg (Oldb),Oldenburg
Stadt Oldenburg - Statistikstelle,Oldenburg
Stadt Oldenburg (Oldb) - Team GIS,Oldenburg
Statistikstelle Stadt Oldenburg (Oldb),Oldenburg
Stadt Oldenburg,Oldenburg
Stadt Oldenburg - Fachdienst Geoinformation und Statistik,Oldenburg
Stadt Oldenburg - Fachdienst Klimaschutz,Oldenburg
brauneberg,Ortsgemeinde Brauneberg
Ortsgemeinde Brauneberg,Ortsgemeinde Brauneberg
brenk,Ortsgemeinde Brenk
Ortsgemeinde Brenk,Ortsgemeinde Brenk
Ortsgemeinde Burgbrohl,Ortsgemeinde Burgbrohl
burgen,Ortsgemeinde Burgen
Ortsgemeinde Burgen,Ortsgemeinde Burgen
Ortsgemeinde Dedenbach,Ortsgemeinde Dedenbach
erden,Ortsgemeinde Erden
Ortsgemeinde Erden,Ortsgemeinde Erden
Ortsgemeinde Erzenhausen,Ortsgemeinde Erzenhausen
Ortsgemeinde Eulenbis,Ortsgemeinde Eulenbis
frankelbach,Ortsgemeinde Frankelbach
Ortsgemeinde Frankelbach,Ortsgemeinde Frankelbach
Ortsgemeinde Galenberg,Ortsgemeinde Galenberg
Ortsgemeinde Glees,Ortsgemeinde Glees
gornhausen,Ortsgemeinde Gornhausen
Ortsgemeinde Gornhausen,Ortsgemeinde Gornhausen
graach,Ortsgemeinde Graach an der Mosel
mosel,Ortsgemeinde Graach an der Mosel
Ortsgemeinde Graach an der Mosel,Ortsgemeinde Graach an der Mosel
hochscheid,Ortsgemeinde Hochscheid
Ortsgemeinde Hochscheid,Ortsgemeinde Hochscheid
Ortsgemeinde Hohenleimbach,Ortsgemeinde Hohenleimbach
Ortsgemeinde Kempenich,Ortsgemeinde Kempenich
kesten,Ortsgemeinde Kesten
Ortsgemeinde Kesten,Ortsgemeinde Kesten
kleinich,Ortsgemeinde Kleinich
Ortsgemeinde Kleinich,Ortsgemeinde Kleinich
Ortsgemeinde Kollweiler,Ortsgemeinde Kollweiler
kommen,Ortsgemeinde Kommen
Ortsgemeinde Kommen,Ortsgemeinde Kommen
Ortsgemeinde Königsfeld,Ortsgemeinde Königsfeld
lambsheim,Ortsgemeinde Lambsheim
Ortsgemeinde Lambsheim,Ortsgemeinde Lambsheim
lieser,Ortsgemeinde Lieser
Ortsgemeinde Lieser,Ortsgemeinde Lieser
longkamp,Ortsgemeinde Longkamp
Ortsgemeinde Longkamp,Ortsgemeinde Longkamp
lösnich,Ortsgemeinde Lösnich
Ortsgemeinde Lösnich,Ortsgemeinde Lösnich
Ortsgemeinde Mackenbach,Ortsgemeinde Mackenbach
maring,Ortsgemeinde Maring-Noviand
noviand,Ortsgemeinde Maring-Noviand
Ortsgemeinde Maring-Noviand,Ortsgemeinde Maring-Noviand
minheim,Ortsgemeinde Minheim
Ortsgemeinde Minheim,Ortsgemeinde Minheim
monzelfeld,Ortsgemeinde Monzelfeld
Ortsgemeinde Monzelfeld,Ortsgemeinde Monzelfeld
mülheim,Ortsgemeinde Mülheim an der Mosel
Ortsgemeinde Mülheim an der Mosel,Ortsgemeinde Mülheim an der Mosel
neumagen,Ortsgemeinde Neumagen-Dhron
Ortsgemeinde Neumagen-Dhron,Ortsgemeinde Neumagen-Dhron
Ortsgemeinde Piesport,Ortsgemeinde Piesport
piesport,Ortsgemeinde Piesport
Ortsgemeinde Reichenbach-Steegen,Ortsgemeinde Reichenbach-Steegen
Ortsgemeinde Rodenbach,Ortsgemeinde Rodenbach
rodenbach,Ortsgemeinde Rodenbach
Ortsgemeinde Schwedelbach,Ortsgemeinde Schwedelbach
Ortsgemeinde Veldenz,Ortsgemeinde Veldenz
veldenz,Ortsgemeinde Veldenz
Ortsgemeinde Weilerbach,Ortsgemeinde Weilerbach
Ortsgemeinde Wintrich,Ortsgemeinde Wintrich
wintrich,Ortsgemeinde Wintrich
Ortsgemeinde Zeltingen-Rachtig,Ortsgemeinde Zeltingen-Rachtig
rachtig,Ortsgemeinde Zeltingen-Rachtig
zeltingen,Ortsgemeinde Zeltingen-Rachtig
Stadt Osterholz-Scharmbeck,Osterholz-Scharmbeck
Stadt Otterberg,Otterberg
Stadt Paderborn,Paderborn
Stadt Papenburg,Papenburg
Stadt Parchim,Parchim
Stadt Pattensen,Pattensen
Stadt Penzberg,Penzberg
Kommunale Statistikstelle Stadt Pforzheim,Pforzheim
Stadt Pirmasens,Pirmasens
Verbandsgemeinde Pirmasens-Land,Pirmasens-Land
Landeshauptstadt Potsdam (LHP),Potsdam
Verbandsgemeindeverwaltung Prüm,Prüm
"Stabsstelle Statistik und Demografie, Recklinghausen",Recklinghausen
"Abteilung Statistik, Recklinghausen",Recklinghausen
Statistikstelle Recklinghausen,Recklinghausen
"Statistikstelle, Stadt Recklinghausen",Recklinghausen
Stadt Regensburg,Regensburg
Samtgemeinde Rehden,Rehden
Stadt Reinfeld - Holstein,Reinfeld - Holstein
ST Remagen,Remagen
Stadt Remagen,Remagen
Stadt Remscheid,Remscheid
Stadt Rendsburg,Rendsburg
Kommunale Statistikstelle der Stadt Reutlingen,Reutlingen
Stadt Reutlingen - Kommunale Statistikstelle,Reutlingen
Stadt Rheda-Wiedenbrück,Rheda-Wiedenbrück
Stadt Rheine,Rheine
Rheingau-Taunus-Kreis,Rheingau-Taunus-Kreis
Rhein-Kreis Neuss,Rhein-Kreis Neuss
Verbandsgemeinde Rhein-Mosel,Rhein-Mosel
Gemeinde Ritterhude,Ritterhude
Gemeinde Roetgen,Roetgen
Stadt Römhild,Römhild
Gemeinde Rommerskirchen,Rommerskirchen
Stadt Roßleben-Wiehe,Roßleben-Wiehe
Hanse- und Universitätsstadt Rostock,Rostock
"Hanse- und Universitätsstadt Rostock – Amt für Jugend, Soziales und Asyl",Rostock
"Hanse- und Universitätsstadt Rostock – Amt für Kultur, Denkmalpflege und Museen",Rostock
Hanse- und Universitätsstadt Rostock – Amt für Mobilität,Rostock
"Hanse- und Universitätsstadt Rostock – Amt für Stadtentwicklung, Stadtplanung und Wirtschaft",Rostock
"Hanse- und Universitätsstadt Rostock – Amt für Stadtgrün, Naturschutz und Friedhofswesen",Rostock
"Hanse- und Universitätsstadt Rostock – Amt für Stadtgrün, Naturschutz und Landschaftspflege",Rostock
Hanse- und Universitätsstadt Rostock – Amt für Umwelt- und Klimaschutz,Rostock
Hanse- und Universitätsstadt Rostock – Amt für Umweltschutz,Rostock
Hanse- und Universitätsstadt Rostock – Bauamt,Rostock
Hanse- und Universitätsstadt Rostock – Brandschutz- und Rettungsamt,Rostock
Hanse- und Universitätsstadt Rostock – Büro des Oberbürgermeisters,Rostock
Hanse- und Universitätsstadt Rostock – Hauptamt,Rostock
"Hanse- und Universitätsstadt Rostock – Kataster-, Vermessungs- und Liegenschaftsamt",Rostock
Hanse- und Universitätsstadt Rostock – Schulverwaltungsamt,Rostock
Hanse- und Universitätsstadt Rostock – Stadtamt,Rostock
Hanse- und Universitätsstadt Rostock – Stadtforstamt,Rostock
Hanse- und Universitätsstadt Rostock – Tiefbauamt,Rostock
"Kataster-, Vermessungs- und Liegenschaftsamt der Hanse- und Universitätsstadt Rostock",Rostock
Max-Samuel-Haus – Stiftung Begegnungsstätte für jüdische Geschichte und Kultur in Rostock,Rostock
Stadtwerke Rostock AG,Rostock
Volkshochschule der Hanse- und Universitätsstadt Rostock,Rostock
Stadt Rüsselsheim am Main,Rüsselsheim am Main
Landratsamt Saale-Holzland-Kreis,Saale-Holzland-Kreis
Landratsamt Saale-Orla-Kreis,Saale-Orla-Kreis
Stadtverwaltung Saalfeld/Saale,Saalfeld/Saale
Stadt Saalfeld/Saale,Saalfeld/Saale
Landeshauptstadt Saarbrücken,Saarbrücken
Stadt Salzgitter,Salzgitter
Samtgemeinde Altes Amt Lemförde,Samtgemeinde Altes Amt Lemförde
Samtgemeinde Altes Amt Lemförde,Samtgemeinde Altes Amt Lemförde
Samtgemeinde Artland,Samtgemeinde Artland
Samtgemeinde Bersenbrück,Samtgemeinde Bersenbrück
Samtgemeinde Fürstenau,Samtgemeinde Fürstenau
Stadtverwaltung Schalkau,Schalkau
Schalkau,Schalkau
Stadt Schalkau,Schalkau
Gemeindeverwaltung Scharbeutz,Scharbeutz
Scharbeutz,Scharbeutz
Schleiz,Schleiz
Stadt Schleiz,Schleiz
Stadt Schleusingen,Schleusingen
Schmalkalden,Schmalkalden
Stadt Schmalkalden,Schmalkalden
Stadt Schöningen,Schöningen
Samtgemeinde Schwaförden,Schwaförden
Gemeinde Schwalmtal,Schwalmtal
Gemeinde Schwanewede,Schwanewede
Stadt Schwarzenbek,Schwarzenbek
Stadt Schwentinental,Schwentinental
Vermessungs- und Geoinformationsbehoerde des Landkreises Ludwigslust-Parchim und der Landeshauptstadt Schwerin,Schwerin
Samtgemeinde Siedenburg,Siedenburg
Siegburg,Siegburg
Universität Siegen - Forschungsinstitut Wasser und Umwelt,Siegen
Kommunale Statistikstelle der Stadt Soest,Soest
Kommunale Statistikstelle,Soest
Stadt Soest,Soest
Stadt Sömmerda,Sömmerda
Stadt Sondershausen,Sondershausen
Sonneberg,Sonneberg
Stadt Sonneberg,Sonneberg
Stadtverwaltung Speyer,Speyer
Stadt Stadtilm,Stadtilm
Stadtilm,Stadtilm
Stadt Stadtroda und der beauftragenden Gemeinden,Stadtroda
Stadt Steinach,Steinach
Stadt Steinbach-Hallenberg,Steinbach-Hallenberg
Gemeinde Steinhagen,Steinhagen
Stadt Stolberg,Stolberg
Stdat Stolberg,Stolberg
Gemeinde Stuhr,Stuhr
S-Bahn Stuttgart,Stuttgart
Verkehrs- und Tarifverbund Stuttgart GmbH (VVS),Stuttgart
Landeshauptstadt Stuttgart,Stuttgart
Gemeinde Südlohn,Südlohn
Stadt Suhl,Suhl
Stadt Sulingen,Sulingen
Stadt Tambach-Dietharz,Tambach-Dietharz
Tambach-Dietharz,Tambach-Dietharz
Stadt Teltow,Teltow
Gemeinde Titz,Titz
Titz,Titz
Stadt Tornesch,Tornesch
Stadt Trier,Trier
Verbandsgemeinde Trier-Land,Trier-Land
Stadt Troisdorf,Troisdorf
Stadt Twistringen,Twistringen
Stadtbücherei Twistringen,Twistringen
Gemeinde Uetze,Uetze
Stadt Ulm,Ulm
"Stadt Ulm, Bürgerdienste/Statistik und Wahlen",Ulm
"Stadt Ulm, Zentrale Steuerung/Finanzen",Ulm
Digitale Agenda - Stadt Ulm,Ulm
SWU Stadtwerke Ulm/Neu-Ulm GmbH,Ulm
Stadt Ulm,Ulm
Landratsamt Unstrut-Hainich-Kreis,Unstrut-Hainich-Kreis
Gemeinde Unstruttal,Unstruttal
Gemeinde Unterwellenborn,Unterwellenborn
Stadt Varel,Varel
Samtgemeinde Velpke,Velpke
Verbandsgemeinde Adenau,Verbandsgemeinde Adenau
Verbandsgemeinde Altenahr,Verbandsgemeinde Altenahr
VG Altenahr,Verbandsgemeinde Altenahr
altenkirchen,Verbandsgemeinde Altenkirchen
Verbandsgemeinde Altenkirchen,Verbandsgemeinde Altenkirchen
Verbandsgemeinde Bernkastel Kues,Verbandsgemeinde Bernkastel-Kues
Verbandsgemeinde Brohltal,Verbandsgemeinde Brohtal
Verbandsgemeinde Cochem,Verbandsgemeinde Cochem
VG Cochem,Verbandsgemeinde Cochem
Verbandsgemeinde Cochem,Verbandsgemeinde Cochem
Verbandsgemeinde Dierdorf,Verbandsgemeinde Dierdorf
VG Dierdorf,Verbandsgemeinde Dierdorf
Verbandsgemeinde Eich,Verbandsgemeinde Eich
Verbandsgemeide Emmelshausen,Verbandsgemeinde Emmelshausen
Verbandsgemeinde Emmelshausen,Verbandsgemeinde Emmelshausen
Verbandsgemeinde Gerolstein,Verbandsgemeinde Gerolstein
VG Gerolstein,Verbandsgemeinde Gerolstein
Verbandsgemeinde Hamm,Verbandsgemeinde Hamm
VG Hamm,Verbandsgemeinde Hamm
hermeskeil,Verbandsgemeinde Hermeskeil
Verbandsgemeinde Hermeskeil,Verbandsgemeinde Hermeskeil
Verbandsgemeinde Jockgrim,Verbandsgemeinde Jockgrim
VG Jockgrim,Verbandsgemeinde Jockgrim
Verbandsgemeide Kastellaun,Verbandsgemeinde Kastellaun
Verbandsgemeinde Kastellaun,Verbandsgemeinde Kastellaun
Verbandsgemeide Kirchberg,Verbandsgemeinde Kirchberg
Verbandsgemeinde Kirchberg,Verbandsgemeinde Kirchberg
Verbandsgemeinde Konz,Verbandsgemeinde Konz
Verbandsgemeinde Meisenheim,Verbandsgemeinde Meisenheim
VG Meisenheim,Verbandsgemeinde Meisenheim
Verbandsgemeinde Obere Kyll,Verbandsgemeinde Obere Kyll
VG Obere Kyll,Verbandsgemeinde Obere Kyll
Verbandsgemeinde Otterbach-Otterberg,Verbandsgemeinde Otterbach-Otterberg
VG Otterbach-Otterberg,Verbandsgemeinde Otterbach-Otterberg
Verbandsgemeinde Prüm,Verbandsgemeinde Prüm
Verbandsgemeinde Puderbach,Verbandsgemeinde Puderbach
VG Puderbach,Verbandsgemeinde Puderbach
Verbandsgemeide Rheinböllen,Verbandsgemeinde Rheinböllen
Verbandsgemeinde Rheinböllen,Verbandsgemeinde Rheinböllen
rodalben,Verbandsgemeinde Rodalben
Verbandsgemeinde Rodalben,Verbandsgemeinde Rodalben
Verbandsgemeinde Sankt Goar - Oberwesel,Verbandsgemeinde Sankt Goar - Oberwesel
Verbandsgemeinde Sankt Goar-Oberwesel,Verbandsgemeinde Sankt Goar - Oberwesel
Verbandsgemeinde Selters,Verbandsgemeinde Selters
VG Selters,Verbandsgemeinde Selters
Verbandsgemeide Simmern,Verbandsgemeinde Simmern
Verbandsgemeinde Simmern,Verbandsgemeinde Simmern
südeifel,Verbandsgemeinde Südeifel
Verbandsgemeinde Südeifel,Verbandsgemeinde Südeifel
Verbandsgemeinde Thalfang am Erbeskopf,Verbandsgemeinde Thalfang am Erbeskopf
Verbandsgemeinde Traben-Trabach,Verbandsgemeinde Traben-Trarbach
Verbandsgemeinde Traben-Trarbach,Verbandsgemeinde Traben-Trarbach
VG Uder,Verbandsgemeinde Uder
Verbandsgemeinde Vordereifel,Verbandsgemeinde Vordereifel
VG Vordereifel,Verbandsgemeinde Vordereifel
Verbandsgemeinde Weißenthurm,Verbandsgemeinde Weißenthurm
Verbandsgemeinde Wittlich-Land,Verbandsgemeinde Wittlich-Land
Verwaltungsgemeinschaft Dolmar-Salzbrücke,Verwaltungsgemeinschaft Dolmar-Salzbrücke
Verwaltungsgemeinschaft Dornburg-Camburg,Verwaltungsgemeinschaft Dornburg-Camburg
Verwaltungsgemeinschaft Fahner Höhe,Verwaltungsgemeinschaft Fahner Höhe
Verwaltungsgemeinschaft Feldstein,Verwaltungsgemeinschaft Feldstein
Verwaltungsgemeinschaft Gera-Aue,Verwaltungsgemeinschaft Gera-Aue
Verwaltungsgemeinschaft Geratal/Plaue,Verwaltungsgemeinschaft Geratal/Plaue
Geratal,Verwaltungsgemeinschaft Geratal/Plaue
VG Gramme-Vippach,Verwaltungsgemeinschaft Gramme-Vippach
Verwaltungsgemeinschaft Gramme-Vippach,Verwaltungsgemeinschaft Gramme-Vippach
Verwaltungsgemeinschaft Greußen,Verwaltungsgemeinschaft Greußen
VG Hainich-Werratal,Verwaltungsgemeinschaft Hainich-Werratal
Verwaltungsgemeinschaft Heideland-Elstertal-Schkölen,Verwaltungsgemeinschaft Heideland-Elstertal-Schkölen
Verwaltungsgemeinschaft Heldburger Unterland,Verwaltungsgemeinschaft Heldburger Unterland
Hermsdorf,Verwaltungsgemeinschaft Hermsdorf
Verwaltungsgemeinschaft Hermsdorf,Verwaltungsgemeinschaft Hermsdorf
Verwaltungsgemeinschaft Hohe Rhön,Verwaltungsgemeinschaft Hohe Rhön
Verwaltungsgemeinschaft Kindelbrück,Verwaltungsgemeinschaft Kindelbrück
Verwaltungsgemeinschaft Ländereck,Verwaltungsgemeinschaft Ländereck
Verwaltungsgemeinschaft Münchenbernsdorf,Verwaltungsgemeinschaft Münchenbernsdorf
"Verwaltungsgemeinschaft \Nesseaue\""",Verwaltungsgemeinschaft Nesseaue
Verwaltungsgemeinschaft Nesseaue,Verwaltungsgemeinschaft Nesseaue
Verwaltungsgemeinschaft Oppurg,Verwaltungsgemeinschaft Oppurg
Verwaltungsgemeinschaft Pleißenaue,Verwaltungsgemeinschaft Pleißenaue
Verwaltungsgemeinschaft Riechheimer Berg,Verwaltungsgemeinschaft Riechheimer Berg
Verwaltungsgemeinschaft Seenplatte,Verwaltungsgemeinschaft Seenplatte
VG Straußfurt,Verwaltungsgemeinschaft Straußfurt
Straußfurt,Verwaltungsgemeinschaft Straußfurt
Verwaltungsgemeinschaft Straußfurt,Verwaltungsgemeinschaft Straußfurt
Verwaltungsgemeinschaft Südliches Saaletal,Verwaltungsgemeinschaft Südliches Saaletal
Verwaltungsgemeinschaft Triptis,Verwaltungsgemeinschaft Triptis
Verwaltungsgemeinschaft Wasungen-Amt Sand,Verwaltungsgemeinschaft Wasungen-Amt Sand
Küllstedt,Verwaltungsgemeinschaft Westerwald-Obereichsfeld
Verwaltungsgemeinschaft Westerwald-Obereichsfeld,Verwaltungsgemeinschaft Westerwald-Obereichsfeld
Verwaltungsgemeinschaft Wünschendorf/Elster,Verwaltungsgemeinschaft Wünschendorf/Elster
Vettweiß,Vettweiß
Stadt Viersen,Viersen
Stadt Villingen-Schwenningen - Stadtplanungsamt,Villingen-Schwenningen
Villingen-Schwenningen,Villingen-Schwenningen
Stadt Villingen-Schwenningen - Vermessungsamt,Villingen-Schwenningen
Stadt Vreden,Vreden
Tim Neuhäuser,Wachtendonk
Gemeinde Wagenfeld,Wagenfeld
Stadt Wahlstedt,Wahlstedt
Stadt Waltershausen,Waltershausen
Stadt Waltrop,Waltrop
Gemeinde Wardenburg,Wardenburg
Landratsamt Wartburgkreis,Wartburgkreis
Samtgemeinde Wathlingen,Wathlingen
Stadt Wedel,Wedel
Wegberg,Wegberg
Stadt Weida,Weida
Weida,Weida
Stadt Weida und der beauftragenden Gemeinden,Weida
Stadt Weimar,Weimar
Stadt Weißensee,Weißensee
Wendelstein,Wendelstein
Stadt Werne,Werne
Kreis Wesel,Wesel
Stadt Wesel,Wesel
Volkshochschule Wesel Hamminkeln Schermbeck,Wesel
Wesel,Wesel
Stadt Wesseling,Wesseling
Wesseling,Wesseling
Wetter ,Wetter
Stadt Wetter (Ruhr),Wetter (Ruhr)
Wetteraukreis,Wetteraukreis
Landeshauptstadt Wiesbaden,Wiesbaden
Gemeinde Wietze,Wietze
Stadt Wittlich,Wittlich
Stadtverwaltung Wittlich,Wittlich
Stadt Wolfsburg,Wolfsburg
Verbandsgemeinde Wonnegau,Wonnegau
Verbandsgemeindeverwaltung Wonnegau,Wonnegau
Gemeinde Worpswede,Worpswede
Verbandsgemeinde Wörrstadt,Wörrstadt
Stadt Wörth,Wörth
Stadt Wriezen,Wriezen
Stadt Wuppertal,Wuppertal
Wuppertal,Wuppertal
Wuppertaler Stadtwerke,Wuppertal
Beteiligungsmanagement Stadt Wuppertal,Wuppertal
Feuerwehr Stadt Wuppertal (304),Wuppertal
Gebäudemanagement Stadt Wuppertal,Wuppertal
Geodatenzentrum Stadt Wuppertal,Wuppertal
Kämmerei Stadt Wuppertal,Wuppertal
Presseamt Stadt Wuppertal,Wuppertal
"Stadt Wuppertal, Auszüge Planungsrechtskataster (102.1301)",Wuppertal
"Stadt Wuppertal, Bauleitplanung (105.1)",Wuppertal
"Stadt Wuppertal, Bauleitung und Montage, Park- und Messtechnik (104.34)",Wuppertal
"Stadt Wuppertal, Denkmalschutz und Denkmalpflege (105.03)",Wuppertal
"Stadt Wuppertal, Denkmalschutz und Denkmalpflege (105.03)",Wuppertal
"Stadt Wuppertal, Gesamtverkehrsplanung (104.51)",Wuppertal
"Stadt Wuppertal, Gesundheitsamt (305)",Wuppertal
"Stadt Wuppertal, Infektions- und Umwelthygiene (305.8)",Wuppertal
"Stadt Wuppertal, Innovationslabor (402.02)",Wuppertal
"Stadt Wuppertal, Kleingärten; Sondergrabanlagen (103.52)",Wuppertal
"Stadt Wuppertal, Klimaschutz (300.2)",Wuppertal
"Stadt Wuppertal, Liegenschaftskataster (102.2101)",Wuppertal
"Stadt Wuppertal, Nahmobilität (104.54)",Wuppertal
"Stadt Wuppertal, Nahverkehrsplanung und ÖPNV-Aufgabenträgerschaft (104.53)",Wuppertal
"Stadt Wuppertal, Öffentliche Beleuchtung (104.25)",Wuppertal
"Stadt Wuppertal, Ordnungsamt (302)",Wuppertal
"Stadt Wuppertal, Planungsrechtskarten (102.1302)",Wuppertal
"Stadt Wuppertal, Raumbezogene Informationsverarbeitung (102.3401)",Wuppertal
"Stadt Wuppertal, Ressort 102 Vermessung, Katasteramt und Geodaten",Wuppertal
"Stadt Wuppertal, Stadtkartographie (102,3201)",Wuppertal
"Stadt Wuppertal, Stadtkartographie (102.3201)",Wuppertal
"Stadt Wuppertal, Tageseinrichtungen für Kinder - Jugendamt, Organisation, Planung und Recht (202.1101)",Wuppertal
"Stadt Wuppertal, Untere Immissionsschutz- und Abfallwirtschaftsbehörde (106.28)",Wuppertal
"Stadt Wuppertal, Verkehrslenkung und Ausnahmegenehmigungen (104.11)",Wuppertal
Standesamt Wuppertal,Wuppertal
Statistik und Wahlen - Stadt Wuppertal,Wuppertal
Wuppertaler Stadtwerke AG (WSW),Wuppertal
Beteiligungsmanagement Stadt Wuppertal,Wuppertal
Bürgerbeteiligung Wuppertal,Wuppertal
Bürgerbeteiligung Wuppertal - Frau Utsch,Wuppertal
Der Gutachterausschuss für Grundstückswerte in der Stadt Wuppertal,Wuppertal
Feuerwehr Stadt Wuppertal (304),Wuppertal
Gebäudemanagement Stadt Wuppertal,Wuppertal
Geodatenzentrum Stadt Wuppertal,Wuppertal
Kämmerei Stadt Wuppertal,Wuppertal
"Stadt Wuppertal, Auszüge Planungsrechtskataster (102.1301)",Wuppertal
"Stadt Wuppertal, Bauleitung und Montage, Park- und Messtechnik (104.34)",Wuppertal
"Stadt Wuppertal, Denkmalschutz und Denkmalpflege (105.03)",Wuppertal
"Stadt Wuppertal, Denkmalschutz und Denkmalpflege (105.03)",Wuppertal
"Stadt Wuppertal, Infektions- und Umwelthygiene (305.8)",Wuppertal
"Stadt Wuppertal, Innovationslabor (402.02)",Wuppertal
"Stadt Wuppertal, Kleingärten; Sondergrabanlagen (103.52)",Wuppertal
"Stadt Wuppertal, Klimaschutz (300.2)",Wuppertal
"Stadt Wuppertal, Landschaftsplanung und -pflege, Untere Naturschutzbehörde (106.11)",Wuppertal
"Stadt Wuppertal, Liegenschaftskataster (102.2101)",Wuppertal
"Stadt Wuppertal, Nahmobilität (104.54)",Wuppertal
"Stadt Wuppertal, Nahverkehrsplanung und ÖPNV-Aufgabenträgerschaft (104.53)",Wuppertal
"Stadt Wuppertal, Ordnungsamt (302)",Wuppertal
"Stadt Wuppertal, Parkausweise und Ausnahmegenehmigung Fahrverbote (104.1101)",Wuppertal
"Stadt Wuppertal, Planungsrechtskarten (102.1302)",Wuppertal
"Stadt Wuppertal, Raumbezogene Informationsverarbeitung (102.3401)",Wuppertal
"Stadt Wuppertal, Stadtkartographie (102,3201)",Wuppertal
"Stadt Wuppertal, Stadtkartographie (102.3201)",Wuppertal
"Stadt Wuppertal, Städtebau (101.21)",Wuppertal
"Stadt Wuppertal, Tageseinrichtungen für Kinder - Jugendamt, Organisation, Planung und Recht (202.1101)",Wuppertal
"Stadt Wuppertal, Untere Immissionsschutz- und Abfallwirtschaftsbehörde (106.28)",Wuppertal
"Stadt Wuppertal, Verkehrslenkung und Ausnahmegenehmigungen (104.11)",Wuppertal
"Stadt Wuppertal, Öffentliche Beleuchtung (104.25)",Wuppertal
Standesamt Wuppertal,Wuppertal
Statistik und Wahlen - Stadt Wuppertal,Wuppertal
Wuppertaler Stadtwerke AG (WSW),Wuppertal
geodatenzentrum@stadt.wuppertal.de,Wuppertal
Gebäudemanagement Wuppertal (GMW),Wuppertal
"Stadt Wuppertal, Amt für Informationstechnik und Digitalisierung (402)",Wuppertal
"Stadt Wuppertal, Bürgeramt (003)",Wuppertal
"Stadt Wuppertal, Feuerwehr (304)",Wuppertal
"Stadt Wuppertal, Gesundheitsamt (305)",Wuppertal
"Stadt Wuppertal, Koordinierungsstelle Klimaschutz (300.2)",Wuppertal
"Stadt Wuppertal, Kämmerei (403.1)",Wuppertal
"Stadt Wuppertal, Ressort 001 Büro des Oberbürgermeisters",Wuppertal
"Stadt Wuppertal, Ressort 101 Stadtentwicklung und Städtebau",Wuppertal
"Stadt Wuppertal, Ressort 102 Vermessung, Katasteramt und Geodaten",Wuppertal
"Stadt Wuppertal, Ressort 103 Grünflächen und Forsten",Wuppertal
"Stadt Wuppertal, Ressort 104 Straßen und Verkehr",Wuppertal
"Stadt Wuppertal, Ressort 105 Bauen und Wohnen",Wuppertal
"Stadt Wuppertal, Ressort 106 Umweltschutz",Wuppertal
"Stadt Wuppertal, Ressort 106 Umweltschutz",Wuppertal
"Stadt Wuppertal, Ressort 302 Ordnungsamt",Wuppertal
"Stadt Wuppertal, Ressort 403 Finanzen",Wuppertal
"Stadt Wuppertal, Ressort 403 Finanzen",Wuppertal
"Stadt Wuppertal, Ressortmanagement, Wahlamt und Statistik (101.3)",Wuppertal
"Stadt Wuppertal, Tageseinrichtungen für Kinder - Jugendamt (202)",Wuppertal
"Stadt Wuppertal, Bürgeramt (003)",Wuppertal
"Stadt Wuppertal, Feuerwehr (304)",Wuppertal
"Stadt Wuppertal, Ressort 106 Umweltschutz",Wuppertal
"Stadt Wuppertal, Ressort 403 Finanzen",Wuppertal
"Stadt Wuppertal, Denkmalschutz und Denkmalpflege (105.03)",Wuppertal
"Stadt Wuppertal, Infektions- und Umwelthygiene (305.8)",Wuppertal
"Stadt Wuppertal, Untere Immissionsschutz- und Abfallwirtschaftsbehörde (106.28)",Wuppertal
"Stadt Wuppertal, Bauleitplanung (105.1)",Wuppertal
"Stadt Wuppertal; Stadttopografie, Grundlagenkarten (102.2201)",Wuppertal
Stadt Waldkraiburg,Wuppertal
"Stadt Wuppertal, Denkmalschutz und Denkmalpflege (105.03)",Wuppertal
"Stadt Wuppertal, Klima und Nachhaltigkeit (307.22)",Wuppertal
"Stadt Wuppertal, Stadtkartographie (102.32)",Wuppertal
"Stadt Wuppertal, Untere Immissionsschutz- und Abfallwirtschaftsbehörde (106.28)",Wuppertal
würselen,Würselen
Stadt Würselen - Der Bürgermeister,Würselen
Stadt Wurzbach,Wurzbach
Stadt Würzburg,Würzburg
Smarte Region Würzburg,Würzburg
Stadt Würzburg -  Baureferat/Fachbereich Tiefbau und Verkehrswesen,Würzburg
Stadt Würzburg - Fachbereich Tiefbau und Verkehrswesen / Geodaten und Vermessung,Würzburg
Stadt Würzburg Fachabteilung Tiefbau - Geodaten und Vermessung - Veitshöchheimer Straße 1 97080 Würzburg,Würzburg
"Stadt Würzburg, Die Stadtreiniger",Würzburg
"Stadt Würzburg, Fachabteilung Statistik",Würzburg
Würzburger Versorgungs- und Verkehrs-GmbH,Würzburg
Xanten,Xanten
Stadt Zella-Mehlis,Zella-Mehlis
Stadt Zeulenroda-Triebes und der beauftragenden Gemeinden,Zeulenroda-Triebes
ZV EG Flugplatz Zweibrücken,Zweibrücken
Zweckverband Entwicklungsgebiet Flugplatz Zweibrücken,Zweibrücken
Stadt Zwönitz,Zwönitz
